# Third-party artifacts. Tab-separated: name, url, sha256.
#
# sha256 of TOFU means "not yet known" -- the checksum is computed and
# pinned on first fetch, and the change is committed deliberately.
#
# The two Tier 2 entries below (utm-bundle, opencore-legacy-img) are
# evidence, not ingredients: someone else's blobs, never in the repo, and
# nothing the plugin builds or boots references them (INGREDIENTS.md,
# "Provenance"; docs/decisions/0004).
#
# name	url	sha256
utm-bundle	https://adam.kostarelas.com/blog/mavericks-in-utm-on-silicon/Mavericks-OSX-10.9-Config.utm.zip	c7990c86c2dda00b5b88c21dd8d9337552d25f9de0b7ea0bb2e24f2cea5dcab3
opencore-legacy-img	https://raw.githubusercontent.com/khronokernel/khronokernel.github.io/refs/heads/master/Binaries/OpenCore/EFI-LEGACY.img.zip	04d0af359b7db3d7f6f3db8361f7b13f03b79359f6a682e87181e433826ab7c9
opencorepkg-src	https://github.com/acidanthera/OpenCorePkg/archive/refs/tags/1.0.8.tar.gz	98e4faf7cf0ce4ac89ec2a35fec3671f30b82d101aa573b9016fed95a50c176e

# The OpenCore build's other inputs. Upstream's build_oc.tool curls
# ocbuild's efibuild.sh off master and evals it, and that script clones
# acidanthera/audk at master; both are pinned here instead.
#
# The audk-* entries after audk-src are audk's own submodules, at the
# commits its gitlinks name. A GitHub archive tarball carries no submodule
# content, and EDK II's build.py validates every [Includes] path in every
# .dec it parses, so the whole set is fetched rather than only the two that
# get compiled. internal/firmware/pins.go declares which commit each one is
# pinned to, and mavericks-firmware refuses a URL here that names a
# different one (firmware.CheckPins).
ocbuild-efibuild	https://raw.githubusercontent.com/acidanthera/ocbuild/e9ed49cb7a4f7fa2830c024a13d63de27c2e0d1a/efibuild.sh	4ae2461427bf68be18276483b58e7e295bf77b83782b80b817586a2c817cdb30
audk-src	https://github.com/acidanthera/audk/archive/0672a009e9ca85753d240324d761341adf0291b3.tar.gz	2c4f5754c0b49d86a387fb21d97ffd61a7b638ee386074a6ebbd37d2fd26561d
audk-openssl	https://github.com/openssl/openssl/archive/aea7aaf2abb04789f5868cbabec406ea43aa84bf.tar.gz	0db2c5888e78b3ee10df5991c9bd049a2ca0eb693b3c44a05f3078a90add349a
audk-brotli	https://github.com/google/brotli/archive/e230f474b87134e8c6c85b630084c612057f253e.tar.gz	a9ba3940267de5dd73581a47c2e81b3eb1e1df6a704138c599020d66f3677a92
audk-mbedtls	https://github.com/ARMmbed/mbedtls/archive/8c89224991adff88d53cd380f42a2baa36f91454.tar.gz	b5c7e7c54e013c168f4aae036e59912785f11b4aeebd57f6165a14e879b9a82c
audk-oniguruma	https://github.com/kkos/oniguruma/archive/4ef89209a239c1aea328cf13c05a2807e5c146d1.tar.gz	70bfed97ee8390f5ac08fea28e3e930a3b33df871c6fc1888c8d436c6c6b755d
audk-libfdt	https://github.com/devicetree-org/pylibfdt/archive/cfff805481bdea27f900c32698171286542b8d3c.tar.gz	1193910f475fde07f3cd4fe1c1a353d69b8cedb574967134838fcdc8208d224e
audk-mipisyst	https://github.com/MIPI-Alliance/public-mipi-sys-t/archive/370b5944c046bab043dd8b133727b2135af7747a.tar.gz	9fda3b9a78343ab2be6f06ce6396536e7e065abac29b47c8eb2e42cbb4c4f00b
audk-jansson	https://github.com/akheron/jansson/archive/e9ebfa7e77a6bee77df44e096b100e7131044059.tar.gz	e7935c0d91d6d22f6dee710a26b23e228ecc4fe8ef7e8f756558c3599f68c3b4
audk-libspdm	https://github.com/DMTF/libspdm/archive/98ef964e1e9a0c39c7efb67143d3a13a819432e0.tar.gz	634cbdf10bcaf32f3446b1bf8be7e8a60cecd1e9500e512f01e3c15b74cbcfd3
audk-cmocka	https://github.com/tianocore/edk2-cmocka/archive/1cc9cde3448cdd2e000886a26acf1caac2db7cf1.tar.gz	59cd4b81abafae35d94ac5d91cf4ae5b05122e688713cd6db51e5e4cef471d8f
audk-googletest	https://github.com/google/googletest/archive/86add13493e5c881d7e4ba77fb91c1f57752b3a4.tar.gz	3c3095488b936b14538dca64d7e68bcde09a8a18d2a32a47b59877eff0340403
audk-subhook	https://github.com/tianocore/edk2-subhook/archive/83d4e1ebef3588fae48b69a7352cc21801cb70bc.tar.gz	f65b2e6dd304e19185d751652bd5ebc72a81d503bf542037acb3450e43abc095

# SMC emulation kexts, injected by OpenCore. Tier 1: acidanthera release
# binaries, pinned to an exact release tag (never "latest") and checksummed.
# We do not build these from source; assets/firmware/README.md records why these
# versions and how their 10.9 (Darwin 13) support was verified.
lilu-release	https://github.com/acidanthera/Lilu/releases/download/1.7.2/Lilu-1.7.2-RELEASE.zip	53967d7dcfaab01023a33df2e969a89522f13d6654a6a56ac4711b62dabf3ab8
virtualsmc-release	https://github.com/acidanthera/VirtualSMC/releases/download/1.3.7/VirtualSMC-1.3.7-RELEASE.zip	12f1d379969f926306fa92d94ddbf33b32b31176589dc42089d864a26b31b700

# Apple. Mavericks 10.9.5 InstallESD.dmg, the one thing here that may not
# come from anywhere else. lib/vendor.sh's fetch_source cannot fetch it:
# the URL below is Apple's real one, but it answers only with an
# AssetToken cookie obtained from osrecovery.apple.com. mavericks-installesd
# does that handshake and checks this checksum -- the transfer is plain
# HTTP, so the checksum is the only integrity there is. Recorded here so
# the registry names every third-party artifact, including the one a plain
# download cannot get.
apple-installesd-10.9.5	http://oscdn.apple.com/content/downloads/33/62/031-10295/gho4r94w66f5v4ujm0sz7k1m0hua68i6oo/OSInstaller/InstallESD.dmg	c861fd59e82bf777496809a0d2a9b58f66691ee56738031f55874a3fe1d7c3ff

# Apple's post-10.9.5 standalone updates, fetched from Apple's own CDN and
# pinned by checksum. The template's updates variable chooses which of
# these a guest carries: none, security or all (docs/decisions/0011).
#
# These are NEVER republished -- they are fetched at build time, on the
# user's machine, from Apple, exactly like apple-installesd-10.9.5 above.
# bin/no-apple-bytes.sh is the gate.
#
# NEVER run `softwareupdate` at build time to get these. That reaches
# Apple's servers during the build, makes the build non-reproducible and
# network-dependent, and a 2013 OS talking to 2026 servers may hang.
# Pinned standalone packages exist precisely to avoid it.
#
# Every URL and size here was taken from Apple's own
# index-10.9.merged-1.sucatalog on 2026-09-22 and every byte count matched
# the KiB figure the guest's own `softwareupdate -l` printed on 2026-09-21.
#
# updates = "security" installs this one, and it is the default.
# Receipt identifier: com.apple.pkg.update.security.2016-004Mavericks.13F1911
# It carries SystemVersion.plist, so the guest's ProductBuildVersion moves
# 13F34 -> 13F1911 while ProductVersion stays 10.9.5. It also replaces
# /usr/bin/ssh and /usr/sbin/sshd, which is why firstboot.sh installs the
# updates BEFORE the family's OpenSSH rather than after.
apple-secupd-2016-004	http://swcdn.apple.com/content/downloads/63/01/041-88446-A_AI0EXM8N26/wlglj8xbhacww0zt8rtv5n1o9dkpl72ozq/SecUpd2016-004Mavericks.pkg	fd71517772928b35e773276b300ef30e0d264ed9d030bf3862625cab5513d1b5

# updates = "all" adds these. They are applications rather than the OS, which
# is why they are opt-in. iTunes 12.6.2 is one softwareupdate product made
# of five flat packages; they are listed here in the order the product's
# own Packages array gives, which is the order they must be installed in.
apple-safari-9.1.3	http://swcdn.apple.com/content/downloads/60/32/041-88558/p8401wt6oaqmy9ttqo915h9gxwqfbrggz0/Safari9.1.3Mavericks.pkg	b27f27fea062f6445ea3daaff224d04a3266b9227181584becbdb1e3ffe2ffb5
apple-itunes-12.6.2-corefp	http://swcdn.apple.com/content/downloads/43/51/041-90431-A_KDUB55Q5HN/74ql3cr329p2uthplgu2h2cxbq7067tglv/CoreFP.pkg	7e50aaa3d47dfde2d041642ed49fecd48dca92c61b12ef4b1ad35e52043f397c
apple-itunes-12.6.2-mobiledevice	http://swcdn.apple.com/content/downloads/43/51/041-90431-A_KDUB55Q5HN/74ql3cr329p2uthplgu2h2cxbq7067tglv/MobileDevice.pkg	2e6694a3394c3f2ebf086440fe57358d60dae4d45f8ac5c1754b01cfccf51060
apple-itunes-12.6.2-itunesaccess	http://swcdn.apple.com/content/downloads/43/51/041-90431-A_KDUB55Q5HN/74ql3cr329p2uthplgu2h2cxbq7067tglv/iTunesAccess.pkg	dc7eb3e908ece5d29cd81da7d0d4ecca4efeda814d78d5d4c83e0425128ac4e6
apple-itunes-12.6.2-itunesx	http://swcdn.apple.com/content/downloads/43/51/041-90431-A_KDUB55Q5HN/74ql3cr329p2uthplgu2h2cxbq7067tglv/iTunesX.pkg	4d0ccd1d6bf5c34ff664f2009ae648ddaf8256dac350b1473ff0d286607e446f
apple-itunes-12.6.2-coreadi	http://swcdn.apple.com/content/downloads/43/51/041-90431-A_KDUB55Q5HN/74ql3cr329p2uthplgu2h2cxbq7067tglv/CoreADI.pkg	0493d62c590416bfa3ad97067f5e33b5edbd417406252cca0cc95ca6e45ed0de

# Mac OS X 10.6's updates, for snowleopard-media's updates = "security" (the
# default): Apple's client 10.6.8 combo update, then 10.6's last security
# update. Same rules as 10.9's above: fetched at build time from Apple's
# servers on the user's machine, never republished, never by
# `softwareupdate`.
#
# The combo is the catalogue product 041-98179 in Apple's
# index-leopard-snowleopard.merged-1.sucatalog, read 2026-10-04, every size
# matching the catalogue's: its distribution and the 18 packages beside it,
# which the distribution installs in ONE installer run (firstboot.sh runs
# `installer -pkg <the .dist>`). MEASURED 2026-10-04: installed one at a
# time instead, its SUBaseSystem package brings a new libSystem while dyld
# stays 10.6.0's, and every process after it crashes. The distribution
# itself picks the Rosetta, QuickTime 7 and X11 packages by what the guest
# has. (The catalogue's other 10.6.8 combo, 041-98121, is client and
# server in one, with an unconditional server package; not this one.)
apple-combo-10.6.8-part0	http://swcdn.apple.com/content/downloads/49/43/041-98179-A_LECWR24EMQ/2dml09vesnhzp7lgix8nrewu5moiymbfw8/MacOSXUpdCombo10.6.8.Part0.pkg	87c490a6843fbba5167c89cadfdff750c64526f92f1ad67faa7be5ca0dbbf060
apple-combo-10.6.8-part1	http://swcdn.apple.com/content/downloads/49/43/041-98179-A_LECWR24EMQ/2dml09vesnhzp7lgix8nrewu5moiymbfw8/MacOSXUpdCombo10.6.8.Part1.pkg	f10068685c407f581b2e6c0945906d14e5c3897a34331d2f5bb1525961e770be
apple-combo-10.6.8-part2	http://swcdn.apple.com/content/downloads/49/43/041-98179-A_LECWR24EMQ/2dml09vesnhzp7lgix8nrewu5moiymbfw8/MacOSXUpdCombo10.6.8.Part2.pkg	d9e8971963dcc79bafccb415f04c948ff9fc6a820c3e85527326927170b6cbe6
apple-combo-10.6.8-part3	http://swcdn.apple.com/content/downloads/49/43/041-98179-A_LECWR24EMQ/2dml09vesnhzp7lgix8nrewu5moiymbfw8/MacOSXUpdCombo10.6.8.Part3.pkg	e1150c69e172aa420213f918e15d1ee7a0715bed562fe4d9e3e1db68a394b57b
apple-combo-10.6.8-part4	http://swcdn.apple.com/content/downloads/49/43/041-98179-A_LECWR24EMQ/2dml09vesnhzp7lgix8nrewu5moiymbfw8/MacOSXUpdCombo10.6.8.Part4.pkg	65dd70cf4feb86a3502b9f2318c3107272c9076947555a5ad57fbe34556c8322
apple-combo-10.6.8-part5	http://swcdn.apple.com/content/downloads/49/43/041-98179-A_LECWR24EMQ/2dml09vesnhzp7lgix8nrewu5moiymbfw8/MacOSXUpdCombo10.6.8.Part5.pkg	2252604469a87306b10254de6b3ff077e66d43241e0a96d8ca646b68bdca1532
apple-combo-10.6.8-part6	http://swcdn.apple.com/content/downloads/49/43/041-98179-A_LECWR24EMQ/2dml09vesnhzp7lgix8nrewu5moiymbfw8/MacOSXUpdCombo10.6.8.Part6.pkg	df325456fa6ab9dbc6d2a76ced1c4f7141f9d96b621b81f71710de0251256301
apple-combo-10.6.8-part7	http://swcdn.apple.com/content/downloads/49/43/041-98179-A_LECWR24EMQ/2dml09vesnhzp7lgix8nrewu5moiymbfw8/MacOSXUpdCombo10.6.8.Part7.pkg	400a65e1b7dff4e603ddcc21191bb9c312008b104fefaad6ade138d7be446193
apple-combo-10.6.8-part8	http://swcdn.apple.com/content/downloads/49/43/041-98179-A_LECWR24EMQ/2dml09vesnhzp7lgix8nrewu5moiymbfw8/MacOSXUpdCombo10.6.8.Part8.pkg	ceafcfd6eeb9cc4e87b0e176a327a0bad213edf429ff4ad794a5d94b8d3c502c
apple-combo-10.6.8-part9	http://swcdn.apple.com/content/downloads/49/43/041-98179-A_LECWR24EMQ/2dml09vesnhzp7lgix8nrewu5moiymbfw8/MacOSXUpdCombo10.6.8.Part9.pkg	08b9d6dc155abbd85a499a5dd156d30da29db0099273c859ce8f110347b61c62
apple-combo-10.6.8-part10	http://swcdn.apple.com/content/downloads/49/43/041-98179-A_LECWR24EMQ/2dml09vesnhzp7lgix8nrewu5moiymbfw8/MacOSXUpdCombo10.6.8.Part10.pkg	1026b294dd425a5373f17f43981a9169df362d2216af4c87baa19fe97a955adc
apple-combo-10.6.8-part11	http://swcdn.apple.com/content/downloads/49/43/041-98179-A_LECWR24EMQ/2dml09vesnhzp7lgix8nrewu5moiymbfw8/MacOSXUpdCombo10.6.8.Part11.pkg	f0b2aa060bc9aec83362ed4df742e4e10996518a4d2e0344db768f391de6ec45
apple-combo-10.6.8-part12	http://swcdn.apple.com/content/downloads/49/43/041-98179-A_LECWR24EMQ/2dml09vesnhzp7lgix8nrewu5moiymbfw8/MacOSXUpdCombo10.6.8.Part12.pkg	a69bf4e483e29cf751741367110f34071425658308d47567e5afb12ab2caaab4
apple-combo-10.6.8-subasesystem	http://swcdn.apple.com/content/downloads/49/43/041-98179-A_LECWR24EMQ/2dml09vesnhzp7lgix8nrewu5moiymbfw8/SUBaseSystemCombo10.6.8.pkg	d00bd3fa79969ef6e83f7a968d161cc7637adb6d13ff922927c37e80d99e545d
apple-combo-10.6.8-qt7	http://swcdn.apple.com/content/downloads/49/43/041-98179-A_LECWR24EMQ/2dml09vesnhzp7lgix8nrewu5moiymbfw8/QuickTimePlayer7ForCombo10.6.8.pkg	a310ce322ac77c6167455b567cefb212c8f25a735271fe81e09f39abf3332cb7
apple-combo-10.6.8-x11	http://swcdn.apple.com/content/downloads/49/43/041-98179-A_LECWR24EMQ/2dml09vesnhzp7lgix8nrewu5moiymbfw8/X11ForCombo10.6.8.pkg	8a6342d7389d57016e5f4f423a7e1794a0e6c5aab75ce620a1f528d46a811085
apple-combo-10.6.8-rosetta	http://swcdn.apple.com/content/downloads/49/43/041-98179-A_LECWR24EMQ/2dml09vesnhzp7lgix8nrewu5moiymbfw8/RosettaForCombo10.6.8.pkg	38f071ed52da2e2ff59e6da01ddbfb2b30943cf2b3761821a6c2fbc57e07061e
apple-combo-10.6.8-meta	http://swcdn.apple.com/content/downloads/49/43/041-98179-A_LECWR24EMQ/2dml09vesnhzp7lgix8nrewu5moiymbfw8/MacOSXUpdCombo10.6.8.pkg	d0b6ef379bd285893f70a7880392c35770d402312e6a9880fe66c55154b4befd
apple-combo-10.6.8-dist	https://swdist.apple.com/content/downloads/49/43/041-98179-A_LECWR24EMQ/2dml09vesnhzp7lgix8nrewu5moiymbfw8/MacOSXUpdCombo10.6.8.dst/041-98179.English.dist	2d2861c955c6182ef48367ac744a69efb5c8d73d5f991959dccef7fc90607d65
#
# Security Update 2013-004 for 10.6.8, the client product (041-91751); the
# catalogue's other one (041-91749) adds the server package.
apple-secupd-2013-004-snowleopard	http://swcdn.apple.com/content/downloads/59/44/041-91751-A_6E8UPFATJA/pzuccll6v4vpgcdddnpjn9jq5mhkcvt6j6/SecUpd2013-004.pkg	9c96256de017278a894e04920e85956c55dd331931d6a194d931ac2ab97add60
